algorithm,input,n,seq,ns,comparisons,swaps,time_ms
shell,random,100,SEDGEWICK,438292,2745,2363,0.438292
shell,random,1000,SEDGEWICK,3893167,258345,252747,3.893167
shell,random,10000,SEDGEWICK,52372000,25199231,25124907,52.372
shell,random,100000,SEDGEWICK,4780333333,2497450215,2496538392,4780.333333
heap,random,100,,484417,1546,585,0.484417
heap,random,1000,,536041,25259,9067,0.536041
heap,random,10000,,2134500,353107,124147,2.1345
heap,random,100000,,9860375,4529220,1574862,9.860375
